Id,Brand,Category,Type,Color,Size,Price
1,Adidas,Men's Fashion,Dress,Black,XL,40
2,H&M,Women's Fashion,Shoes,Black,L,82
3,Adidas,Women's Fashion,Dress,Yellow,XL,44
4,Zara,Men's Fashion,Shoes,White,S,23
5,Adidas,Men's Fashion,T-shirt,Black,M,79
6,Adidas,Men's Fashion,Dress,Yellow,L,47
7,Gucci,Men's Fashion,Jeans,White,XL,37
8,Zara,Kids' Fashion,Sweater,Blue,XL,64
9,H&M,Men's Fashion,Sweater,Green,XL,53
10,Zara,Kids' Fashion,T-shirt,White,XL,55
11,Adidas,Men's Fashion,T-shirt,Red,S,51
12,Gucci,Kids' Fashion,Sweater,Yellow,M,91
13,Nike,Kids' Fashion,Jeans,Red,M,35
14,Zara,Women's Fashion,Dress,White,L,34
15,Zara,Men's Fashion,Shoes,Yellow,M,54
16,Adidas,Women's Fashion,Dress,Blue,S,27
17,Gucci,Women's Fashion,Dress,Blue,XL,75
18,Gucci,Women's Fashion,Jeans,Red,XL,73
19,Gucci,Women's Fashion,Shoes,White,M,54
20,Gucci,Men's Fashion,Dress,Green,L,53
21,H&M,Men's Fashion,Jeans,Yellow,S,56
22,Gucci,Women's Fashion,Jeans,Green,L,89
23,Zara,Kids' Fashion,Jeans,Yellow,M,91
24,Zara,Women's Fashion,Jeans,Yellow,XL,15
25,H&M,Kids' Fashion,Sweater,Green,S,38
26,Gucci,Women's Fashion,Dress,Green,S,21
27,Adidas,Kids' Fashion,T-shirt,Red,L,72
28,Zara,Women's Fashion,Shoes,Yellow,L,32
29,Gucci,Women's Fashion,Shoes,Yellow,M,85
30,Nike,Kids' Fashion,Sweater,Green,XL,99
31,H&M,Kids' Fashion,Jeans,Blue,S,37
32,Nike,Kids' Fashion,T-shirt,White,XL,78
33,H&M,Kids' Fashion,Jeans,Green,XL,89
34,H&M,Men's Fashion,Jeans,Black,S,80
35,Zara,Women's Fashion,Jeans,Blue,L,37
36,H&M,Kids' Fashion,Dress,Green,S,74
37,Zara,Kids' Fashion,Sweater,Blue,S,48
38,Nike,Kids' Fashion,T-shirt,Yellow,S,76
39,Adidas,Men's Fashion,Jeans,Yellow,M,90
40,Zara,Women's Fashion,Dress,Black,XL,26
41,Gucci,Women's Fashion,Jeans,Blue,L,40
42,Zara,Kids' Fashion,Shoes,Red,S,43
43,Adidas,Men's Fashion,T-shirt,White,M,39
44,Nike,Kids' Fashion,Jeans,White,M,74
45,Gucci,Women's Fashion,Jeans,Red,L,85
46,Zara,Men's Fashion,Dress,Yellow,XL,38
47,Zara,Men's Fashion,Jeans,Green,S,62
48,Gucci,Kids' Fashion,T-shirt,Green,M,10
49,Gucci,Kids' Fashion,Sweater,Green,XL,52
50,H&M,Women's Fashion,T-shirt,Blue,L,38
51,Adidas,Women's Fashion,Jeans,Yellow,XL,67
52,Nike,Kids' Fashion,Dress,Red,S,59
53,Nike,Men's Fashion,T-shirt,Red,M,16
54,H&M,Men's Fashion,Shoes,Blue,S,33
55,Adidas,Kids' Fashion,Sweater,Red,S,76
56,Nike,Women's Fashion,Dress,White,XL,53
57,Adidas,Women's Fashion,Sweater,Red,M,52
58,Adidas,Women's Fashion,Shoes,White,L,61
59,Nike,Kids' Fashion,Dress,Blue,M,93
60,H&M,Kids' Fashion,Shoes,Yellow,XL,24
61,Adidas,Women's Fashion,Shoes,Yellow,M,25
62,Nike,Men's Fashion,T-shirt,Blue,L,66
63,Zara,Kids' Fashion,Jeans,White,L,55
64,Gucci,Kids' Fashion,Shoes,Red,M,72
65,H&M,Kids' Fashion,Shoes,Yellow,XL,33
66,H&M,Kids' Fashion,Sweater,Red,XL,59
67,Gucci,Women's Fashion,Jeans,Green,M,41
68,Gucci,Women's Fashion,T-shirt,Red,S,76
69,Gucci,Women's Fashion,Sweater,Yellow,M,74
70,Gucci,Women's Fashion,Dress,Yellow,M,36
71,Adidas,Women's Fashion,Sweater,White,M,35
72,H&M,Women's Fashion,T-shirt,Yellow,M,51
73,Gucci,Men's Fashion,T-shirt,Red,M,34
74,Zara,Women's Fashion,Dress,White,XL,68
75,H&M,Women's Fashion,Dress,Blue,S,86
76,Adidas,Women's Fashion,Jeans,Black,XL,39
77,H&M,Kids' Fashion,Sweater,Blue,L,90
78,Nike,Men's Fashion,T-shirt,White,XL,76
79,Nike,Men's Fashion,T-shirt,Red,L,11
80,Nike,Kids' Fashion,Jeans,Red,XL,21
81,Nike,Women's Fashion,T-shirt,Green,S,66
82,H&M,Kids' Fashion,Dress,Blue,S,31
83,Nike,Women's Fashion,Shoes,Blue,L,49
84,Adidas,Women's Fashion,Sweater,Red,L,42
85,Nike,Women's Fashion,Shoes,Yellow,XL,89
86,Zara,Men's Fashion,Sweater,Yellow,M,50
87,Nike,Men's Fashion,Shoes,Red,S,41
88,Nike,Kids' Fashion,Dress,White,L,61
89,Gucci,Men's Fashion,Dress,White,L,66
90,H&M,Men's Fashion,Jeans,Red,XL,37
91,H&M,Kids' Fashion,Jeans,Green,XL,85
92,Adidas,Men's Fashion,Jeans,White,M,100
93,Nike,Men's Fashion,Shoes,White,S,70
94,Zara,Women's Fashion,Shoes,Yellow,XL,21
95,Gucci,Women's Fashion,Shoes,Blue,S,58
96,Gucci,Women's Fashion,Dress,Red,L,30
97,Gucci,Men's Fashion,Jeans,Green,L,52
98,Gucci,Kids' Fashion,Sweater,Black,XL,61
99,Nike,Kids' Fashion,Shoes,Yellow,L,93
100,Adidas,Kids' Fashion,Shoes,Red,L,84
101,Zara,Women's Fashion,Jeans,Green,XL,95
102,Gucci,Kids' Fashion,Sweater,Red,S,19
103,Zara,Women's Fashion,Jeans,White,XL,84
104,H&M,Men's Fashion,Jeans,White,M,24
105,Zara,Women's Fashion,Jeans,Yellow,L,52
106,H&M,Kids' Fashion,Jeans,Red,L,21
107,Zara,Men's Fashion,Sweater,Red,L,23
108,Gucci,Men's Fashion,Sweater,Green,L,13
109,Nike,Kids' Fashion,Jeans,Black,XL,73
110,Gucci,Women's Fashion,Sweater,Blue,XL,33
111,Zara,Women's Fashion,Shoes,Green,M,55
112,Adidas,Men's Fashion,Jeans,White,S,15
113,Zara,Men's Fashion,T-shirt,White,L,60
114,H&M,Men's Fashion,Shoes,Red,M,37
115,Adidas,Kids' Fashion,Dress,Blue,L,64
116,Adidas,Women's Fashion,Shoes,Green,M,60
117,Zara,Kids' Fashion,Dress,White,M,75
118,Adidas,Men's Fashion,Dress,Yellow,S,71
119,Nike,Men's Fashion,Jeans,Yellow,S,73
120,H&M,Men's Fashion,T-shirt,Green,M,12
121,Gucci,Men's Fashion,T-shirt,Red,M,96
122,H&M,Women's Fashion,Sweater,Blue,XL,36
123,Nike,Women's Fashion,Sweater,Yellow,L,65
124,H&M,Men's Fashion,Sweater,Black,L,62
125,H&M,Kids' Fashion,Sweater,Green,L,56
126,Nike,Kids' Fashion,T-shirt,Green,M,55
127,Zara,Women's Fashion,Shoes,Yellow,M,47
128,H&M,Women's Fashion,T-shirt,Green,M,61
129,Zara,Women's Fashion,T-shirt,Yellow,M,85
130,Nike,Women's Fashion,Shoes,Green,M,81
131,H&M,Men's Fashion,T-shirt,Blue,M,50
132,Adidas,Women's Fashion,Sweater,White,M,10
133,H&M,Kids' Fashion,Shoes,Blue,XL,28
134,Zara,Women's Fashion,Sweater,Yellow,S,60
135,Adidas,Kids' Fashion,Dress,Blue,L,14
136,Zara,Men's Fashion,Shoes,Blue,XL,45
137,Gucci,Kids' Fashion,Dress,Green,S,90
138,H&M,Women's Fashion,Dress,Yellow,S,23
139,Gucci,Women's Fashion,Sweater,Blue,XL,45
140,Zara,Kids' Fashion,Shoes,Green,M,40
141,Nike,Women's Fashion,Jeans,Yellow,L,28
142,Nike,Men's Fashion,Shoes,White,XL,38
143,Gucci,Women's Fashion,Shoes,White,L,81
144,Adidas,Kids' Fashion,Shoes,Blue,M,57
145,Zara,Kids' Fashion,T-shirt,Green,S,60
146,Adidas,Women's Fashion,Shoes,Yellow,M,53
147,Gucci,Kids' Fashion,Shoes,Green,L,48
148,Adidas,Women's Fashion,Shoes,Black,L,82
149,Adidas,Women's Fashion,Jeans,Green,M,56
150,Nike,Women's Fashion,T-shirt,Green,M,43
151,Adidas,Men's Fashion,Shoes,Blue,M,77
152,Nike,Men's Fashion,Jeans,Green,S,71
153,Nike,Kids' Fashion,Shoes,Black,S,31
154,Zara,Men's Fashion,Dress,Blue,L,11
155,Gucci,Women's Fashion,T-shirt,White,L,48
156,Adidas,Women's Fashion,T-shirt,Red,L,21
157,Adidas,Women's Fashion,Dress,Yellow,S,67
158,Adidas,Men's Fashion,Shoes,Blue,M,88
159,Nike,Kids' Fashion,Jeans,Green,S,50
160,Gucci,Women's Fashion,Shoes,Black,L,35
161,Adidas,Women's Fashion,Sweater,Blue,M,67
162,Nike,Women's Fashion,T-shirt,Red,L,48
163,Nike,Women's Fashion,Dress,Green,S,93
164,Nike,Men's Fashion,T-shirt,Red,L,68
165,Gucci,Women's Fashion,Jeans,White,XL,67
166,Adidas,Kids' Fashion,Sweater,White,L,96
167,Zara,Kids' Fashion,Shoes,Blue,S,43
168,Gucci,Women's Fashion,Sweater,Green,XL,69
169,Zara,Men's Fashion,Shoes,Black,XL,98
170,Gucci,Men's Fashion,Sweater,Yellow,M,20
171,Nike,Men's Fashion,Jeans,Blue,S,42
172,Zara,Women's Fashion,Jeans,Yellow,M,32
173,Nike,Kids' Fashion,Dress,Yellow,S,21
174,Adidas,Kids' Fashion,Jeans,Black,M,80
175,Adidas,Men's Fashion,Dress,Blue,S,55
176,H&M,Kids' Fashion,Dress,Red,XL,91
177,Nike,Kids' Fashion,Sweater,Yellow,M,12
178,Nike,Women's Fashion,Jeans,Red,XL,26
179,Adidas,Kids' Fashion,Shoes,Blue,M,53
180,Zara,Kids' Fashion,T-shirt,Green,M,43
181,H&M,Kids' Fashion,Shoes,Black,L,80
182,Zara,Men's Fashion,Jeans,Yellow,L,68
183,Zara,Kids' Fashion,Jeans,Black,M,67
184,Zara,Women's Fashion,Sweater,Green,L,67
185,Gucci,Men's Fashion,Sweater,Yellow,L,34
186,Adidas,Men's Fashion,Jeans,Blue,L,56
187,Zara,Women's Fashion,Jeans,Green,S,36
188,Nike,Men's Fashion,Shoes,Green,XL,44
189,Adidas,Women's Fashion,Jeans,Blue,L,15
190,Zara,Kids' Fashion,Sweater,Yellow,XL,32
191,Gucci,Kids' Fashion,T-shirt,Black,M,95
192,Zara,Kids' Fashion,Sweater,White,L,87
193,H&M,Women's Fashion,T-shirt,White,L,60
194,Adidas,Women's Fashion,Sweater,White,S,92
195,Zara,Kids' Fashion,Shoes,White,L,60
196,Gucci,Kids' Fashion,Jeans,Red,M,17
197,Nike,Kids' Fashion,Jeans,Yellow,XL,90
198,Zara,Men's Fashion,T-shirt,Blue,XL,67
199,Zara,Women's Fashion,T-shirt,Black,M,15
200,H&M,Men's Fashion,Sweater,Black,S,45
201,Zara,Women's Fashion,Jeans,Yellow,M,57
202,Nike,Men's Fashion,Sweater,Green,S,40
203,Zara,Women's Fashion,Jeans,Yellow,S,75
204,Zara,Kids' Fashion,T-shirt,Black,M,81
205,H&M,Men's Fashion,T-shirt,Yellow,XL,73
206,Nike,Kids' Fashion,Jeans,Yellow,XL,56
207,Gucci,Kids' Fashion,Sweater,Black,M,53
208,Zara,Men's Fashion,Jeans,White,M,79
209,H&M,Women's Fashion,Dress,Black,XL,30
210,Adidas,Women's Fashion,Jeans,Yellow,M,42
211,Zara,Women's Fashion,Jeans,Green,L,50
212,Adidas,Women's Fashion,T-shirt,White,S,71
213,Zara,Women's Fashion,Jeans,Yellow,XL,80
214,Adidas,Women's Fashion,Dress,Yellow,XL,98
215,Adidas,Men's Fashion,T-shirt,Yellow,S,49
216,Gucci,Kids' Fashion,Shoes,White,M,57
217,Gucci,Women's Fashion,Sweater,Yellow,S,98
218,Gucci,Men's Fashion,Sweater,Red,M,69
219,H&M,Women's Fashion,Dress,Green,S,97
220,H&M,Kids' Fashion,T-shirt,Blue,L,42
221,Adidas,Men's Fashion,T-shirt,Black,L,49
222,Adidas,Kids' Fashion,Dress,Yellow,S,36
223,Gucci,Women's Fashion,Jeans,White,XL,73
224,Adidas,Women's Fashion,T-shirt,White,L,88
225,Nike,Men's Fashion,Dress,Yellow,S,61
226,H&M,Men's Fashion,Sweater,Green,XL,16
227,Adidas,Kids' Fashion,Dress,Red,S,20
228,H&M,Men's Fashion,Shoes,Green,S,15
229,Adidas,Kids' Fashion,Shoes,Red,XL,65
230,Zara,Men's Fashion,Shoes,Black,S,82
231,Zara,Women's Fashion,Dress,Red,L,33
232,Zara,Men's Fashion,Jeans,Red,S,49
233,Nike,Kids' Fashion,Shoes,Red,M,39
234,H&M,Kids' Fashion,Sweater,White,S,55
235,Zara,Women's Fashion,Shoes,Green,L,50
236,Zara,Men's Fashion,Shoes,White,S,44
237,Adidas,Men's Fashion,Shoes,White,S,58
238,Adidas,Kids' Fashion,Shoes,White,XL,47
239,Gucci,Kids' Fashion,Shoes,White,L,93
240,H&M,Men's Fashion,Dress,Black,L,10
241,Gucci,Men's Fashion,Jeans,Green,S,21
242,H&M,Men's Fashion,Dress,Green,M,52
243,H&M,Men's Fashion,Shoes,White,XL,79
244,Zara,Women's Fashion,Sweater,Blue,XL,85
245,H&M,Women's Fashion,Dress,Black,S,15
246,Gucci,Kids' Fashion,Jeans,Green,S,68
247,Zara,Women's Fashion,Shoes,White,S,72
248,Zara,Kids' Fashion,Sweater,Red,M,81
249,H&M,Kids' Fashion,Jeans,Black,XL,41
250,H&M,Women's Fashion,Dress,Yellow,XL,21
251,Gucci,Kids' Fashion,Jeans,White,L,87
252,H&M,Men's Fashion,Dress,Blue,L,25
253,Zara,Kids' Fashion,T-shirt,White,M,98
254,Gucci,Kids' Fashion,Jeans,Yellow,L,15
255,H&M,Kids' Fashion,T-shirt,Green,M,81
256,Gucci,Kids' Fashion,Jeans,Blue,L,86
257,Nike,Women's Fashion,Shoes,Red,S,82
258,Gucci,Women's Fashion,Dress,Yellow,S,14
259,Nike,Men's Fashion,Shoes,White,L,27
260,Adidas,Kids' Fashion,Dress,Green,S,59
261,Zara,Men's Fashion,Dress,Yellow,S,49
262,Gucci,Women's Fashion,Jeans,Blue,S,94
263,Zara,Men's Fashion,Jeans,Yellow,XL,71
264,Gucci,Women's Fashion,Dress,White,XL,55
265,H&M,Kids' Fashion,T-shirt,Blue,XL,60
266,Gucci,Kids' Fashion,Jeans,White,XL,62
267,Adidas,Women's Fashion,Jeans,Black,S,53
268,Adidas,Kids' Fashion,Jeans,Yellow,L,22
269,H&M,Kids' Fashion,Shoes,Black,S,100
270,Adidas,Kids' Fashion,Sweater,Blue,XL,60
271,Nike,Men's Fashion,Jeans,Blue,L,45
272,Nike,Kids' Fashion,Dress,White,M,95
273,Nike,Men's Fashion,Dress,White,XL,29
274,Adidas,Women's Fashion,Dress,Red,S,18
275,Nike,Men's Fashion,Jeans,Green,XL,93
276,Nike,Men's Fashion,Jeans,Yellow,M,43
277,H&M,Kids' Fashion,Dress,White,M,49
278,Gucci,Men's Fashion,Jeans,Black,L,98
279,Adidas,Kids' Fashion,Shoes,Yellow,M,11
280,Gucci,Kids' Fashion,Dress,White,XL,19
281,H&M,Women's Fashion,Jeans,Green,S,67
282,Nike,Men's Fashion,Jeans,Black,M,75
283,H&M,Men's Fashion,Sweater,White,S,80
284,Zara,Men's Fashion,T-shirt,Black,S,23
285,Nike,Women's Fashion,Sweater,Yellow,L,80
286,H&M,Kids' Fashion,T-shirt,White,XL,13
287,Zara,Kids' Fashion,T-shirt,Blue,XL,62
288,Nike,Men's Fashion,Sweater,Black,M,38
289,Adidas,Kids' Fashion,Sweater,Blue,M,18
290,Zara,Men's Fashion,Sweater,White,S,13
291,H&M,Women's Fashion,Dress,White,XL,64
292,Nike,Men's Fashion,T-shirt,Green,S,63
293,Nike,Men's Fashion,Sweater,Black,XL,96
294,H&M,Women's Fashion,Dress,White,XL,89
295,H&M,Kids' Fashion,Dress,Black,XL,56
296,H&M,Women's Fashion,T-shirt,White,S,25
297,Gucci,Kids' Fashion,Sweater,Blue,XL,14
298,Zara,Women's Fashion,Shoes,Red,M,14
299,Gucci,Kids' Fashion,Shoes,Green,S,21
300,Adidas,Kids' Fashion,Shoes,White,S,57
301,Adidas,Kids' Fashion,Shoes,Yellow,M,93
302,Gucci,Kids' Fashion,T-shirt,White,M,37
303,Gucci,Women's Fashion,Jeans,White,XL,94
304,Adidas,Women's Fashion,Dress,Green,M,85
305,H&M,Women's Fashion,Shoes,White,L,90
306,Gucci,Men's Fashion,T-shirt,Black,XL,23
307,Zara,Men's Fashion,Dress,Yellow,S,11
308,Adidas,Men's Fashion,Jeans,Yellow,S,60
309,Gucci,Kids' Fashion,Jeans,Black,S,17
310,H&M,Men's Fashion,Jeans,White,XL,83
311,Nike,Men's Fashion,Jeans,Black,L,55
312,Zara,Men's Fashion,Jeans,White,S,45
313,H&M,Women's Fashion,Shoes,Green,XL,76
314,Nike,Kids' Fashion,Jeans,Red,L,94
315,Nike,Kids' Fashion,Jeans,White,XL,56
316,H&M,Women's Fashion,Jeans,Red,S,68
317,Adidas,Women's Fashion,Dress,Red,XL,23
318,Zara,Men's Fashion,Sweater,Yellow,S,49
319,H&M,Men's Fashion,Jeans,White,L,61
320,H&M,Kids' Fashion,Sweater,Yellow,L,86
321,Gucci,Kids' Fashion,Shoes,Red,S,40
322,H&M,Kids' Fashion,Shoes,Red,M,18
323,Zara,Women's Fashion,Shoes,Green,M,95
324,Gucci,Men's Fashion,Sweater,Black,XL,18
325,Nike,Men's Fashion,T-shirt,Black,XL,91
326,Zara,Men's Fashion,Jeans,Green,L,20
327,Adidas,Kids' Fashion,Dress,White,L,72
328,Adidas,Kids' Fashion,Jeans,Blue,L,12
329,Nike,Women's Fashion,Jeans,Blue,XL,56
330,Zara,Men's Fashion,T-shirt,Blue,M,26
331,Adidas,Kids' Fashion,T-shirt,Black,S,25
332,Zara,Men's Fashion,Shoes,Blue,M,75
333,H&M,Kids' Fashion,Dress,Yellow,M,70
334,Zara,Men's Fashion,Sweater,Yellow,L,16
335,Gucci,Men's Fashion,Sweater,Red,XL,88
336,Nike,Kids' Fashion,T-shirt,White,XL,28
337,Nike,Women's Fashion,Shoes,White,L,80
338,Nike,Women's Fashion,Sweater,Blue,S,70
339,Gucci,Women's Fashion,Dress,White,M,74
340,Adidas,Women's Fashion,Sweater,Blue,L,32
341,Gucci,Men's Fashion,Jeans,Red,XL,91
342,Zara,Women's Fashion,Sweater,Yellow,S,27
343,Gucci,Women's Fashion,T-shirt,Yellow,XL,91
344,Nike,Kids' Fashion,Dress,Blue,L,44
345,H&M,Kids' Fashion,Shoes,Yellow,S,67
346,Adidas,Kids' Fashion,Jeans,Yellow,XL,19
347,H&M,Men's Fashion,Dress,Blue,XL,18
348,Zara,Kids' Fashion,Shoes,Blue,XL,76
349,Adidas,Kids' Fashion,Dress,White,XL,97
350,H&M,Kids' Fashion,Jeans,Black,XL,80
351,Nike,Women's Fashion,Jeans,Red,XL,95
352,H&M,Men's Fashion,Dress,Green,XL,71
353,Nike,Women's Fashion,Sweater,Blue,M,78
354,Gucci,Men's Fashion,Dress,Red,M,74
355,Nike,Kids' Fashion,Sweater,Red,XL,43
356,Zara,Kids' Fashion,Dress,Black,S,68
357,Adidas,Kids' Fashion,T-shirt,Yellow,L,15
358,Adidas,Men's Fashion,Shoes,Blue,XL,55
359,Nike,Kids' Fashion,Dress,Red,L,68
360,H&M,Women's Fashion,Sweater,Black,XL,24
361,H&M,Kids' Fashion,Sweater,Blue,XL,62
362,Adidas,Men's Fashion,Jeans,Red,S,15
363,Nike,Kids' Fashion,Jeans,Yellow,L,33
364,Nike,Kids' Fashion,Jeans,Black,M,65
365,Nike,Men's Fashion,T-shirt,White,L,16
366,Nike,Women's Fashion,Dress,Yellow,L,29
367,Nike,Women's Fashion,Shoes,Yellow,S,31
368,Nike,Women's Fashion,Shoes,Blue,XL,35
369,Nike,Women's Fashion,Shoes,Green,M,96
370,Nike,Kids' Fashion,T-shirt,White,S,58
371,Nike,Women's Fashion,Dress,White,XL,33
372,Nike,Men's Fashion,Dress,White,S,41
373,Adidas,Men's Fashion,T-shirt,Green,M,63
374,Nike,Men's Fashion,Jeans,Black,S,20
375,Zara,Women's Fashion,Jeans,Blue,XL,49
376,H&M,Kids' Fashion,Shoes,Green,S,22
377,Zara,Women's Fashion,Shoes,Black,L,54
378,Nike,Men's Fashion,T-shirt,Red,S,45
379,Nike,Women's Fashion,Jeans,White,M,25
380,Gucci,Women's Fashion,Dress,Red,XL,23
381,H&M,Men's Fashion,Shoes,Green,S,23
382,Gucci,Men's Fashion,T-shirt,Yellow,M,93
383,H&M,Men's Fashion,Jeans,Black,L,86
384,H&M,Kids' Fashion,Sweater,Black,L,84
385,Gucci,Women's Fashion,Shoes,Yellow,L,35
386,Adidas,Women's Fashion,Dress,Yellow,XL,17
387,Adidas,Women's Fashion,Dress,Green,XL,24
388,H&M,Men's Fashion,T-shirt,Green,M,86
389,Zara,Women's Fashion,T-shirt,White,XL,91
390,Adidas,Women's Fashion,Sweater,Green,M,86
391,Gucci,Women's Fashion,Dress,Blue,M,25
392,Zara,Men's Fashion,T-shirt,White,S,53
393,H&M,Men's Fashion,Shoes,Black,M,32
394,Gucci,Men's Fashion,T-shirt,Yellow,M,56
395,Nike,Women's Fashion,Shoes,Yellow,M,14
396,Zara,Men's Fashion,Shoes,Blue,M,74
397,Zara,Kids' Fashion,Shoes,White,XL,94
398,H&M,Men's Fashion,T-shirt,White,M,16
399,Adidas,Men's Fashion,Dress,Yellow,L,37
400,H&M,Women's Fashion,Jeans,Green,S,91
401,Gucci,Women's Fashion,Jeans,Green,S,93
402,H&M,Women's Fashion,Shoes,Yellow,M,30
403,Adidas,Men's Fashion,Shoes,Red,S,61
404,Adidas,Men's Fashion,Shoes,Green,M,71
405,Adidas,Women's Fashion,Jeans,Blue,S,30
406,Nike,Men's Fashion,Shoes,Black,L,54
407,Nike,Women's Fashion,Shoes,White,XL,78
408,H&M,Men's Fashion,Sweater,White,L,62
409,Nike,Kids' Fashion,Shoes,Red,S,26
410,H&M,Kids' Fashion,Jeans,Green,XL,64
411,Nike,Men's Fashion,Sweater,Red,M,67
412,Nike,Kids' Fashion,Shoes,Black,XL,63
413,Zara,Women's Fashion,Jeans,Green,XL,21
414,Zara,Kids' Fashion,Dress,Black,XL,63
415,H&M,Kids' Fashion,Jeans,Yellow,L,41
416,H&M,Women's Fashion,Sweater,Blue,S,92
417,H&M,Women's Fashion,Shoes,Red,S,88
418,Zara,Men's Fashion,Jeans,Blue,S,34
419,H&M,Kids' Fashion,T-shirt,Yellow,L,72
420,Adidas,Men's Fashion,Jeans,White,M,81
421,Nike,Kids' Fashion,T-shirt,White,M,89
422,Nike,Kids' Fashion,Dress,Blue,S,20
423,Adidas,Men's Fashion,Jeans,Black,M,83
424,Adidas,Women's Fashion,Shoes,Yellow,M,45
425,Nike,Men's Fashion,Jeans,Blue,XL,96
426,Zara,Men's Fashion,Jeans,Black,L,48
427,Zara,Kids' Fashion,T-shirt,Yellow,XL,15
428,Gucci,Kids' Fashion,T-shirt,Green,M,34
429,Gucci,Women's Fashion,Shoes,Black,XL,94
430,Nike,Kids' Fashion,T-shirt,Black,S,92
431,H&M,Kids' Fashion,Jeans,Green,S,18
432,H&M,Kids' Fashion,Jeans,Blue,L,55
433,H&M,Men's Fashion,Jeans,Yellow,M,59
434,Zara,Kids' Fashion,T-shirt,Yellow,M,22
435,Adidas,Men's Fashion,T-shirt,Blue,XL,47
436,Zara,Kids' Fashion,T-shirt,Black,XL,99
437,Gucci,Men's Fashion,Shoes,Green,XL,96
438,Adidas,Kids' Fashion,T-shirt,Yellow,XL,86
439,Zara,Men's Fashion,Jeans,White,XL,20
440,Zara,Women's Fashion,Dress,White,L,83
441,Adidas,Men's Fashion,Sweater,Black,XL,50
442,H&M,Men's Fashion,T-shirt,Red,S,74
443,Gucci,Men's Fashion,Sweater,White,L,11
444,Nike,Men's Fashion,Dress,White,XL,31
445,H&M,Kids' Fashion,Sweater,Yellow,L,74
446,Adidas,Kids' Fashion,Shoes,Black,L,91
447,H&M,Kids' Fashion,Shoes,Yellow,XL,27
448,Gucci,Kids' Fashion,Shoes,Green,M,53
449,H&M,Men's Fashion,Shoes,Black,XL,82
450,Nike,Kids' Fashion,Shoes,Black,XL,59
451,Adidas,Kids' Fashion,T-shirt,Green,XL,69
452,H&M,Kids' Fashion,Jeans,Green,XL,11
453,Nike,Men's Fashion,Shoes,Red,S,34
454,Zara,Kids' Fashion,Shoes,White,L,47
455,Gucci,Women's Fashion,T-shirt,Blue,M,51
456,Gucci,Men's Fashion,Shoes,Blue,M,14
457,Gucci,Women's Fashion,Jeans,Green,M,36
458,Gucci,Kids' Fashion,T-shirt,Black,L,18
459,Adidas,Kids' Fashion,Dress,Black,S,10
460,H&M,Kids' Fashion,Jeans,Black,L,94
461,Zara,Kids' Fashion,Shoes,Red,M,93
462,Zara,Women's Fashion,Dress,Yellow,M,34
463,Adidas,Men's Fashion,Dress,Blue,M,25
464,Zara,Men's Fashion,Shoes,Green,L,74
465,Gucci,Women's Fashion,T-shirt,White,M,17
466,H&M,Men's Fashion,Sweater,Black,L,37
467,Adidas,Women's Fashion,Jeans,Red,L,69
468,Zara,Women's Fashion,Dress,White,S,38
469,Nike,Women's Fashion,Dress,Yellow,XL,95
470,Adidas,Kids' Fashion,T-shirt,Blue,S,34
471,Nike,Women's Fashion,T-shirt,Black,M,96
472,Adidas,Women's Fashion,Jeans,Green,L,67
473,Nike,Women's Fashion,Dress,Red,S,51
474,H&M,Kids' Fashion,Dress,Yellow,L,68
475,H&M,Men's Fashion,Sweater,Yellow,S,69
476,H&M,Women's Fashion,Shoes,White,XL,70
477,Nike,Men's Fashion,Sweater,Black,S,30
478,H&M,Women's Fashion,T-shirt,Green,L,12
479,Nike,Men's Fashion,Sweater,Green,XL,51
480,Nike,Men's Fashion,Dress,Blue,XL,70
481,Zara,Women's Fashion,Jeans,Blue,XL,24
482,Gucci,Women's Fashion,Dress,Yellow,M,97
483,Zara,Women's Fashion,T-shirt,Black,XL,75
484,Gucci,Men's Fashion,Sweater,Red,XL,47
485,H&M,Women's Fashion,Dress,Black,S,70
486,Adidas,Women's Fashion,Jeans,Yellow,L,69
487,Adidas,Women's Fashion,T-shirt,Blue,XL,62
488,H&M,Men's Fashion,Sweater,Yellow,XL,81
489,Adidas,Men's Fashion,Dress,Black,M,37
490,Nike,Men's Fashion,T-shirt,Green,L,41
491,Zara,Kids' Fashion,Dress,Black,M,42
492,Zara,Kids' Fashion,Sweater,Blue,M,69
493,H&M,Kids' Fashion,Shoes,White,XL,88
494,Zara,Kids' Fashion,Sweater,Green,M,82
495,Nike,Women's Fashion,Jeans,Blue,S,78
496,Adidas,Kids' Fashion,T-shirt,Green,L,59
497,Gucci,Women's Fashion,Jeans,Yellow,M,30
498,Zara,Men's Fashion,Dress,Yellow,XL,59
499,Adidas,Kids' Fashion,Dress,White,L,93
500,Zara,Women's Fashion,Shoes,Red,M,88
501,Adidas,Kids' Fashion,Sweater,Green,S,41
502,Zara,Kids' Fashion,Dress,Blue,M,33
503,Adidas,Kids' Fashion,Sweater,White,XL,16
504,Zara,Men's Fashion,Sweater,Black,XL,22
505,Zara,Women's Fashion,Dress,Black,S,75
506,Nike,Women's Fashion,Shoes,Blue,M,51
507,Zara,Women's Fashion,T-shirt,White,XL,85
508,Gucci,Men's Fashion,Dress,Blue,M,25
509,Gucci,Men's Fashion,Dress,Blue,L,28
510,Nike,Men's Fashion,Shoes,Green,L,60
511,H&M,Kids' Fashion,Jeans,Black,S,78
512,Nike,Men's Fashion,Shoes,Blue,S,92
513,Zara,Men's Fashion,Jeans,Green,M,65
514,Adidas,Kids' Fashion,Dress,White,M,47
515,Nike,Kids' Fashion,Dress,White,S,64
516,Gucci,Women's Fashion,Shoes,Red,S,33
517,Gucci,Men's Fashion,T-shirt,Blue,M,74
518,Gucci,Men's Fashion,Sweater,Yellow,S,56
519,Adidas,Women's Fashion,Sweater,Blue,XL,29
520,Zara,Men's Fashion,Dress,Red,L,13
521,Adidas,Men's Fashion,T-shirt,White,M,19
522,Adidas,Men's Fashion,Sweater,Yellow,S,80
523,Gucci,Women's Fashion,Sweater,Black,S,71
524,Nike,Kids' Fashion,T-shirt,Black,S,47
525,Adidas,Kids' Fashion,T-shirt,Blue,M,58
526,Zara,Women's Fashion,Jeans,Red,L,70
527,Nike,Kids' Fashion,T-shirt,Yellow,M,31
528,Zara,Men's Fashion,Shoes,Black,M,33
529,Gucci,Women's Fashion,Shoes,White,L,59
530,Adidas,Kids' Fashion,Shoes,Black,M,71
531,H&M,Women's Fashion,Dress,Green,L,45
532,Zara,Men's Fashion,Shoes,Blue,L,21
533,Nike,Kids' Fashion,Shoes,Green,S,11
534,Adidas,Kids' Fashion,Dress,Yellow,M,94
535,Nike,Women's Fashion,Jeans,Red,L,87
536,H&M,Kids' Fashion,Dress,Yellow,S,18
537,Nike,Men's Fashion,Jeans,Red,M,68
538,Nike,Men's Fashion,Dress,Blue,M,94
539,Nike,Kids' Fashion,T-shirt,Blue,L,10
540,H&M,Kids' Fashion,Jeans,Yellow,M,80
541,Nike,Women's Fashion,Jeans,Green,S,17
542,Adidas,Men's Fashion,Dress,Red,S,92
543,Gucci,Men's Fashion,Jeans,Yellow,M,86
544,Nike,Women's Fashion,T-shirt,Red,L,77
545,Zara,Men's Fashion,Shoes,Red,XL,82
546,Zara,Women's Fashion,Shoes,Red,L,93
547,H&M,Kids' Fashion,Sweater,Yellow,XL,89
548,Zara,Kids' Fashion,Sweater,Red,M,65
549,Zara,Women's Fashion,Dress,Blue,XL,96
550,Nike,Men's Fashion,T-shirt,Yellow,L,69
551,H&M,Women's Fashion,Jeans,Blue,M,83
552,Adidas,Kids' Fashion,Sweater,Blue,M,50
553,Adidas,Men's Fashion,Shoes,Green,XL,90
554,Adidas,Men's Fashion,Sweater,Blue,L,51
555,Adidas,Women's Fashion,T-shirt,Blue,L,67
556,H&M,Women's Fashion,T-shirt,Red,L,39
557,Adidas,Women's Fashion,Shoes,Black,M,85
558,Adidas,Women's Fashion,Jeans,Red,XL,23
559,Gucci,Women's Fashion,Shoes,Red,XL,10
560,Adidas,Women's Fashion,Dress,Red,XL,99
561,Zara,Men's Fashion,Shoes,Yellow,M,96
562,Zara,Kids' Fashion,T-shirt,Green,L,29
563,Adidas,Men's Fashion,Shoes,Blue,XL,39
564,Adidas,Kids' Fashion,Shoes,Blue,M,31
565,Nike,Kids' Fashion,Sweater,White,L,11
566,Gucci,Kids' Fashion,Dress,White,M,80
567,Zara,Kids' Fashion,Dress,Black,M,96
568,Gucci,Kids' Fashion,Sweater,Red,L,20
569,Nike,Kids' Fashion,Dress,Blue,XL,55
570,Adidas,Women's Fashion,T-shirt,Black,S,54
571,Nike,Men's Fashion,Jeans,Red,M,23
572,H&M,Men's Fashion,Sweater,Blue,S,63
573,Zara,Kids' Fashion,Shoes,White,L,78
574,Gucci,Women's Fashion,Jeans,Black,L,92
575,H&M,Kids' Fashion,T-shirt,White,L,72
576,H&M,Women's Fashion,T-shirt,White,S,26
577,H&M,Women's Fashion,T-shirt,White,M,66
578,Gucci,Women's Fashion,Dress,Green,L,48
579,Gucci,Women's Fashion,Shoes,White,XL,57
580,Adidas,Men's Fashion,Shoes,Green,S,92
581,Zara,Men's Fashion,Sweater,Red,L,83
582,Zara,Men's Fashion,Dress,White,M,70
583,H&M,Kids' Fashion,Dress,Green,L,64
584,Gucci,Women's Fashion,T-shirt,Black,S,17
585,Adidas,Women's Fashion,Jeans,Yellow,M,68
586,Nike,Kids' Fashion,Sweater,Yellow,M,99
587,Adidas,Women's Fashion,T-shirt,Blue,XL,50
588,Gucci,Kids' Fashion,T-shirt,White,S,24
589,Adidas,Women's Fashion,T-shirt,Red,L,99
590,Nike,Kids' Fashion,T-shirt,Green,L,65
591,Gucci,Women's Fashion,Jeans,White,M,97
592,Nike,Kids' Fashion,Jeans,Yellow,M,47
593,H&M,Men's Fashion,Sweater,White,S,89
594,Nike,Kids' Fashion,Sweater,Yellow,S,86
595,Gucci,Women's Fashion,T-shirt,Blue,S,96
596,H&M,Women's Fashion,Dress,Black,L,35
597,H&M,Men's Fashion,Jeans,Blue,M,38
598,Gucci,Women's Fashion,Shoes,Yellow,XL,77
599,H&M,Men's Fashion,T-shirt,Green,S,80
600,Adidas,Men's Fashion,T-shirt,Yellow,M,97
601,Adidas,Women's Fashion,Dress,White,L,44
602,Zara,Women's Fashion,Sweater,White,L,11
603,Zara,Kids' Fashion,Dress,Black,S,13
604,Gucci,Men's Fashion,T-shirt,Yellow,S,10
605,Adidas,Women's Fashion,Jeans,Red,S,62
606,Nike,Women's Fashion,Dress,White,S,28
607,Nike,Women's Fashion,T-shirt,Yellow,S,55
608,H&M,Women's Fashion,T-shirt,Blue,M,51
609,Adidas,Kids' Fashion,Sweater,Red,S,75
610,H&M,Women's Fashion,Shoes,Green,M,62
611,Gucci,Kids' Fashion,Shoes,White,L,85
612,Zara,Men's Fashion,Shoes,Blue,XL,27
613,Gucci,Women's Fashion,Jeans,Black,XL,37
614,Gucci,Men's Fashion,Sweater,Green,L,47
615,Nike,Kids' Fashion,T-shirt,Red,L,67
616,Zara,Women's Fashion,Dress,Red,M,98
617,Adidas,Kids' Fashion,Jeans,Black,XL,77
618,Gucci,Kids' Fashion,Shoes,Green,L,85
619,Nike,Women's Fashion,T-shirt,Blue,M,97
620,Nike,Kids' Fashion,Sweater,White,XL,37
621,H&M,Men's Fashion,Shoes,Yellow,S,72
622,Nike,Men's Fashion,T-shirt,Red,XL,45
623,Adidas,Kids' Fashion,Shoes,Green,L,62
624,Nike,Women's Fashion,T-shirt,White,L,70
625,Adidas,Kids' Fashion,Shoes,Black,L,78
626,Adidas,Men's Fashion,Jeans,Yellow,S,29
627,Adidas,Men's Fashion,T-shirt,Green,M,94
628,Nike,Women's Fashion,Sweater,Red,S,64
629,Gucci,Men's Fashion,Shoes,White,M,95
630,Nike,Women's Fashion,T-shirt,White,XL,84
631,Zara,Kids' Fashion,T-shirt,White,S,32
632,Zara,Kids' Fashion,Dress,Yellow,M,66
633,Nike,Women's Fashion,Dress,Red,L,72
634,Nike,Kids' Fashion,Shoes,Yellow,S,27
635,Adidas,Women's Fashion,Jeans,Yellow,XL,29
636,Gucci,Kids' Fashion,Shoes,Yellow,L,96
637,Zara,Kids' Fashion,Shoes,Green,S,55
638,Adidas,Men's Fashion,Sweater,White,M,22
639,Zara,Men's Fashion,Shoes,Blue,L,26
640,Zara,Kids' Fashion,T-shirt,Red,S,72
641,Zara,Kids' Fashion,Shoes,White,M,20
642,Gucci,Kids' Fashion,T-shirt,Black,S,22
643,Zara,Kids' Fashion,T-shirt,Black,L,42
644,H&M,Kids' Fashion,Shoes,White,M,79
645,Zara,Kids' Fashion,T-shirt,Black,S,98
646,Zara,Men's Fashion,Sweater,Green,M,36
647,Adidas,Women's Fashion,Shoes,Black,M,60
648,Gucci,Men's Fashion,T-shirt,White,L,20
649,Gucci,Women's Fashion,T-shirt,Red,S,76
650,Gucci,Women's Fashion,Dress,Green,M,99
651,Gucci,Men's Fashion,Shoes,Yellow,XL,16
652,Zara,Kids' Fashion,Jeans,Yellow,L,74
653,Gucci,Kids' Fashion,Dress,Red,L,17
654,Zara,Kids' Fashion,Shoes,Blue,S,42
655,Zara,Men's Fashion,T-shirt,Black,S,33
656,Nike,Men's Fashion,Jeans,White,M,79
657,Nike,Men's Fashion,Jeans,Yellow,L,87
658,Adidas,Women's Fashion,Jeans,Green,L,40
659,Zara,Women's Fashion,Shoes,White,M,21
660,Adidas,Kids' Fashion,Dress,Blue,S,41
661,Gucci,Kids' Fashion,Jeans,Blue,XL,71
662,Nike,Women's Fashion,Dress,Black,S,14
663,Zara,Women's Fashion,Sweater,Black,L,52
664,H&M,Kids' Fashion,Shoes,White,L,28
665,H&M,Women's Fashion,T-shirt,Red,S,25
666,H&M,Women's Fashion,T-shirt,Black,S,76
667,Nike,Kids' Fashion,Shoes,Blue,XL,64
668,Zara,Men's Fashion,Shoes,White,S,11
669,Adidas,Women's Fashion,Shoes,White,L,66
670,Gucci,Men's Fashion,T-shirt,Yellow,M,55
671,Adidas,Women's Fashion,Dress,Blue,L,16
672,Zara,Kids' Fashion,Sweater,Blue,M,93
673,Gucci,Kids' Fashion,T-shirt,Yellow,M,83
674,Adidas,Kids' Fashion,Shoes,Green,L,72
675,Nike,Kids' Fashion,Sweater,Green,XL,29
676,Nike,Women's Fashion,Shoes,Black,L,11
677,Gucci,Women's Fashion,Shoes,Blue,L,68
678,H&M,Men's Fashion,Dress,Black,L,85
679,Adidas,Kids' Fashion,Jeans,Yellow,L,19
680,Nike,Women's Fashion,Dress,Red,XL,55
681,Zara,Kids' Fashion,Shoes,Black,L,24
682,Adidas,Women's Fashion,Jeans,Blue,XL,52
683,Gucci,Men's Fashion,Jeans,White,XL,31
684,Adidas,Women's Fashion,Dress,White,S,12
685,Nike,Men's Fashion,Jeans,White,M,19
686,H&M,Women's Fashion,Jeans,Green,M,75
687,H&M,Kids' Fashion,Sweater,Blue,L,74
688,H&M,Kids' Fashion,Sweater,White,XL,91
689,H&M,Kids' Fashion,Jeans,Black,L,32
690,H&M,Kids' Fashion,Jeans,White,L,34
691,Adidas,Kids' Fashion,T-shirt,Blue,XL,13
692,Nike,Women's Fashion,Dress,Red,XL,39
693,Nike,Men's Fashion,Shoes,Green,L,62
694,Adidas,Kids' Fashion,T-shirt,Red,L,51
695,Zara,Women's Fashion,Dress,Red,XL,78
696,Adidas,Men's Fashion,Sweater,Green,XL,39
697,Nike,Women's Fashion,T-shirt,Green,L,99
698,Zara,Men's Fashion,Sweater,White,XL,85
699,Adidas,Men's Fashion,T-shirt,Green,S,50
700,H&M,Women's Fashion,Dress,Yellow,S,78
701,Nike,Women's Fashion,Jeans,Blue,XL,17
702,Gucci,Kids' Fashion,Shoes,Blue,L,58
703,Gucci,Men's Fashion,Shoes,Blue,S,21
704,Adidas,Kids' Fashion,T-shirt,Green,M,38
705,Nike,Kids' Fashion,Dress,Black,L,67
706,Gucci,Women's Fashion,Jeans,Green,S,69
707,Adidas,Women's Fashion,Dress,Green,M,68
708,Nike,Kids' Fashion,T-shirt,Black,M,76
709,Adidas,Men's Fashion,T-shirt,White,XL,53
710,Zara,Men's Fashion,Sweater,Red,S,58
711,Adidas,Men's Fashion,Jeans,Red,M,34
712,Gucci,Kids' Fashion,Shoes,Green,S,100
713,Gucci,Men's Fashion,Jeans,Blue,XL,75
714,Zara,Men's Fashion,Shoes,White,S,35
715,Nike,Women's Fashion,Shoes,Yellow,L,84
716,Adidas,Men's Fashion,Shoes,Red,S,68
717,Nike,Women's Fashion,Sweater,Yellow,M,34
718,Zara,Women's Fashion,T-shirt,White,L,30
719,H&M,Women's Fashion,Dress,Blue,M,34
720,Adidas,Men's Fashion,Shoes,Black,S,27
721,Zara,Kids' Fashion,Shoes,Blue,M,77
722,Adidas,Women's Fashion,Dress,Blue,L,73
723,Nike,Men's Fashion,T-shirt,White,S,97
724,Adidas,Women's Fashion,Shoes,Yellow,S,57
725,Gucci,Women's Fashion,Jeans,Black,XL,12
726,Nike,Men's Fashion,T-shirt,Red,XL,10
727,Adidas,Women's Fashion,Jeans,White,S,11
728,Zara,Men's Fashion,Dress,Yellow,S,63
729,Gucci,Kids' Fashion,Sweater,Yellow,XL,10
730,Zara,Kids' Fashion,Jeans,Green,M,68
731,Adidas,Men's Fashion,Sweater,White,XL,62
732,Zara,Women's Fashion,Shoes,Blue,S,28
733,Adidas,Women's Fashion,Sweater,Black,M,75
734,Zara,Women's Fashion,Dress,Blue,XL,80
735,H&M,Men's Fashion,Sweater,Yellow,L,28
736,Adidas,Men's Fashion,T-shirt,White,L,94
737,Adidas,Kids' Fashion,T-shirt,Blue,S,78
738,H&M,Men's Fashion,Jeans,Blue,L,100
739,Gucci,Kids' Fashion,Sweater,Red,M,80
740,Nike,Women's Fashion,Dress,White,XL,72
741,Nike,Women's Fashion,Shoes,Blue,XL,81
742,H&M,Men's Fashion,Dress,Yellow,L,85
743,H&M,Women's Fashion,Jeans,Red,XL,55
744,Zara,Men's Fashion,Shoes,Black,XL,97
745,Zara,Men's Fashion,Sweater,Blue,L,40
746,Gucci,Kids' Fashion,Shoes,Black,S,21
747,Adidas,Kids' Fashion,Jeans,White,XL,73
748,Zara,Kids' Fashion,Sweater,Red,S,45
749,Gucci,Women's Fashion,Shoes,Black,L,43
750,Nike,Kids' Fashion,Shoes,Red,L,57
751,Gucci,Kids' Fashion,Jeans,Blue,S,72
752,Gucci,Men's Fashion,Dress,Blue,L,72
753,Zara,Kids' Fashion,Jeans,Yellow,S,86
754,Gucci,Kids' Fashion,Jeans,Red,L,79
755,Zara,Women's Fashion,T-shirt,White,S,90
756,Adidas,Men's Fashion,Jeans,Black,XL,34
757,Gucci,Kids' Fashion,Shoes,Black,L,61
758,Nike,Women's Fashion,Jeans,Green,M,51
759,Gucci,Kids' Fashion,Shoes,Black,S,65
760,Nike,Women's Fashion,Jeans,Green,S,57
761,H&M,Men's Fashion,Dress,Black,L,92
762,Nike,Kids' Fashion,Jeans,Blue,XL,50
763,Nike,Men's Fashion,T-shirt,Green,S,25
764,H&M,Women's Fashion,Dress,Black,M,30
765,H&M,Kids' Fashion,Sweater,Blue,S,86
766,Zara,Men's Fashion,Jeans,Green,M,40
767,H&M,Men's Fashion,Shoes,Yellow,L,72
768,H&M,Women's Fashion,Shoes,White,M,95
769,Zara,Men's Fashion,Sweater,White,S,28
770,H&M,Kids' Fashion,T-shirt,Yellow,S,14
771,Zara,Men's Fashion,T-shirt,Red,XL,82
772,Gucci,Men's Fashion,Shoes,Black,XL,24
773,Nike,Women's Fashion,Shoes,Black,XL,74
774,H&M,Men's Fashion,Dress,White,L,94
775,H&M,Men's Fashion,Dress,White,M,60
776,Nike,Men's Fashion,Dress,Red,M,86
777,Adidas,Kids' Fashion,Jeans,Green,M,88
778,Nike,Kids' Fashion,Dress,White,L,80
779,Nike,Kids' Fashion,Jeans,Yellow,XL,94
780,Gucci,Kids' Fashion,T-shirt,Blue,XL,89
781,Nike,Men's Fashion,Sweater,Green,L,85
782,Adidas,Men's Fashion,T-shirt,White,M,31
783,H&M,Women's Fashion,Jeans,Red,S,59
784,Zara,Men's Fashion,Sweater,White,M,46
785,H&M,Men's Fashion,T-shirt,Red,S,57
786,H&M,Kids' Fashion,T-shirt,White,L,73
787,H&M,Women's Fashion,Dress,Blue,XL,96
788,Adidas,Kids' Fashion,Jeans,Red,S,74
789,Nike,Women's Fashion,Jeans,Yellow,XL,99
790,Adidas,Men's Fashion,Shoes,Red,S,34
791,Gucci,Women's Fashion,Jeans,Green,L,58
792,Adidas,Kids' Fashion,Sweater,Yellow,XL,88
793,Zara,Kids' Fashion,T-shirt,Black,XL,82
794,H&M,Women's Fashion,Jeans,Black,M,68
795,Gucci,Kids' Fashion,Jeans,Black,S,30
796,H&M,Women's Fashion,Jeans,Black,M,86
797,H&M,Kids' Fashion,Sweater,Red,XL,62
798,H&M,Kids' Fashion,Jeans,Blue,M,75
799,Adidas,Men's Fashion,Shoes,Yellow,XL,20
800,H&M,Men's Fashion,T-shirt,Red,S,38
801,Zara,Men's Fashion,Jeans,Black,XL,39
802,Gucci,Men's Fashion,Shoes,Green,XL,26
803,Nike,Men's Fashion,Sweater,Blue,XL,13
804,Zara,Kids' Fashion,T-shirt,Black,M,91
805,H&M,Men's Fashion,Dress,Blue,XL,84
806,Zara,Women's Fashion,Jeans,Green,L,11
807,Zara,Men's Fashion,Jeans,Blue,S,31
808,Adidas,Women's Fashion,T-shirt,Yellow,L,26
809,Adidas,Men's Fashion,Jeans,White,XL,22
810,Zara,Kids' Fashion,Jeans,Black,M,39
811,Gucci,Kids' Fashion,Jeans,White,M,63
812,Nike,Women's Fashion,Dress,Blue,M,23
813,Zara,Men's Fashion,Sweater,Blue,M,97
814,Zara,Women's Fashion,Sweater,Yellow,XL,48
815,Zara,Women's Fashion,Sweater,Black,S,16
816,Nike,Kids' Fashion,Jeans,Blue,XL,86
817,Adidas,Kids' Fashion,T-shirt,Black,XL,15
818,Nike,Women's Fashion,Dress,Blue,L,36
819,Zara,Men's Fashion,T-shirt,White,XL,41
820,Nike,Women's Fashion,T-shirt,White,L,49
821,H&M,Women's Fashion,Dress,Blue,XL,30
822,Gucci,Kids' Fashion,T-shirt,Green,XL,48
823,H&M,Kids' Fashion,T-shirt,White,L,77
824,Zara,Women's Fashion,Shoes,White,L,17
825,Zara,Men's Fashion,T-shirt,White,M,12
826,Adidas,Women's Fashion,Shoes,Red,S,92
827,Nike,Women's Fashion,Shoes,Red,XL,92
828,H&M,Women's Fashion,Sweater,Green,S,29
829,Adidas,Men's Fashion,Dress,Black,XL,19
830,Gucci,Kids' Fashion,Jeans,Green,S,54
831,Gucci,Kids' Fashion,Jeans,Black,S,37
832,Nike,Women's Fashion,Jeans,Blue,L,87
833,H&M,Kids' Fashion,Sweater,Yellow,L,82
834,H&M,Women's Fashion,Shoes,Yellow,S,98
835,Nike,Kids' Fashion,T-shirt,Yellow,XL,84
836,Gucci,Women's Fashion,Jeans,White,L,21
837,Nike,Kids' Fashion,Shoes,Black,M,50
838,Zara,Men's Fashion,Jeans,Blue,S,60
839,Nike,Kids' Fashion,Dress,Blue,S,68
840,Zara,Kids' Fashion,Shoes,Red,S,84
841,Zara,Men's Fashion,Dress,Blue,M,37
842,Adidas,Men's Fashion,Jeans,White,XL,44
843,Nike,Kids' Fashion,Shoes,Red,M,91
844,Zara,Kids' Fashion,Sweater,Blue,M,11
845,Gucci,Men's Fashion,Sweater,Green,M,92
846,Nike,Kids' Fashion,T-shirt,Yellow,M,26
847,Gucci,Women's Fashion,T-shirt,Green,S,10
848,Nike,Kids' Fashion,Shoes,White,L,31
849,Nike,Kids' Fashion,Dress,Green,S,60
850,Nike,Kids' Fashion,T-shirt,Yellow,L,73
851,Nike,Men's Fashion,Jeans,Yellow,XL,46
852,H&M,Kids' Fashion,Jeans,Red,XL,83
853,H&M,Kids' Fashion,Dress,Green,L,20
854,Adidas,Kids' Fashion,T-shirt,Green,M,83
855,H&M,Kids' Fashion,Jeans,Red,L,88
856,Gucci,Women's Fashion,Jeans,Green,XL,93
857,H&M,Men's Fashion,Dress,Blue,M,93
858,Zara,Kids' Fashion,T-shirt,Yellow,M,96
859,Adidas,Women's Fashion,T-shirt,Red,L,44
860,Nike,Kids' Fashion,Dress,Blue,S,43
861,Gucci,Men's Fashion,Shoes,White,XL,98
862,Adidas,Kids' Fashion,Sweater,Blue,S,14
863,Gucci,Men's Fashion,Shoes,Red,S,99
864,Nike,Men's Fashion,Sweater,Yellow,L,48
865,Gucci,Women's Fashion,Jeans,Yellow,M,80
866,H&M,Men's Fashion,Shoes,White,S,66
867,Nike,Men's Fashion,Jeans,Black,S,90
868,Gucci,Kids' Fashion,Sweater,Red,L,72
869,Zara,Men's Fashion,Jeans,Black,XL,100
870,Nike,Kids' Fashion,Jeans,Yellow,S,26
871,H&M,Men's Fashion,Shoes,White,XL,66
872,H&M,Women's Fashion,Jeans,Black,M,96
873,Gucci,Kids' Fashion,T-shirt,Red,L,27
874,Gucci,Kids' Fashion,Dress,Yellow,XL,45
875,Adidas,Kids' Fashion,Jeans,Black,L,52
876,Nike,Kids' Fashion,Dress,Green,M,82
877,Zara,Women's Fashion,Sweater,Red,L,29
878,Nike,Women's Fashion,Sweater,Yellow,XL,59
879,Nike,Kids' Fashion,T-shirt,Red,S,67
880,Zara,Kids' Fashion,Sweater,White,L,48
881,H&M,Men's Fashion,Shoes,Red,XL,20
882,Gucci,Women's Fashion,Sweater,Yellow,XL,57
883,Nike,Kids' Fashion,Shoes,Yellow,L,49
884,Zara,Men's Fashion,Dress,Green,L,51
885,Zara,Kids' Fashion,T-shirt,White,XL,94
886,Gucci,Men's Fashion,Dress,Blue,M,27
887,Adidas,Men's Fashion,Sweater,Blue,XL,88
888,Gucci,Kids' Fashion,Sweater,Blue,S,73
889,Adidas,Kids' Fashion,Shoes,Yellow,XL,25
890,H&M,Men's Fashion,T-shirt,Black,M,42
891,H&M,Women's Fashion,Dress,White,XL,84
892,Adidas,Women's Fashion,T-shirt,Blue,M,62
893,H&M,Kids' Fashion,Shoes,Red,S,76
894,Adidas,Men's Fashion,Shoes,Black,S,37
895,Gucci,Women's Fashion,Jeans,Yellow,L,88
896,Gucci,Men's Fashion,Jeans,Black,S,80
897,H&M,Women's Fashion,Jeans,White,S,22
898,Nike,Women's Fashion,Dress,Green,M,44
899,Gucci,Men's Fashion,Shoes,Red,XL,85
900,Nike,Men's Fashion,T-shirt,Blue,XL,91
901,Zara,Men's Fashion,Jeans,Red,XL,41
902,Gucci,Women's Fashion,Shoes,Black,XL,40
903,Nike,Women's Fashion,Sweater,Yellow,M,99
904,Zara,Women's Fashion,Sweater,Yellow,M,27
905,Nike,Women's Fashion,Jeans,Red,XL,83
906,Nike,Kids' Fashion,Shoes,Yellow,M,23
907,Adidas,Men's Fashion,T-shirt,Yellow,L,27
908,Zara,Kids' Fashion,Shoes,White,M,36
909,Nike,Women's Fashion,Jeans,Green,XL,32
910,Adidas,Kids' Fashion,Sweater,Green,S,34
911,Nike,Kids' Fashion,Jeans,White,S,89
912,Adidas,Men's Fashion,Dress,Blue,L,22
913,Gucci,Kids' Fashion,Shoes,Black,S,56
914,H&M,Kids' Fashion,T-shirt,Red,L,46
915,Adidas,Kids' Fashion,Shoes,White,M,35
916,Nike,Men's Fashion,Sweater,Black,M,91
917,Zara,Men's Fashion,Jeans,Red,M,23
918,H&M,Kids' Fashion,Shoes,Red,XL,73
919,Adidas,Women's Fashion,Shoes,Red,S,96
920,Gucci,Women's Fashion,T-shirt,Red,M,95
921,Gucci,Men's Fashion,Jeans,Green,S,24
922,Gucci,Men's Fashion,Jeans,Green,L,45
923,Zara,Men's Fashion,Sweater,White,L,79
924,Nike,Men's Fashion,Sweater,Black,M,80
925,H&M,Women's Fashion,Sweater,Blue,S,69
926,Zara,Women's Fashion,Dress,Blue,L,73
927,Adidas,Men's Fashion,T-shirt,White,XL,71
928,Adidas,Kids' Fashion,Sweater,Black,L,10
929,Gucci,Kids' Fashion,Shoes,Blue,S,33
930,Adidas,Women's Fashion,T-shirt,White,M,31
931,Zara,Kids' Fashion,Dress,Blue,XL,73
932,H&M,Kids' Fashion,Jeans,Yellow,L,68
933,Adidas,Kids' Fashion,Sweater,Blue,L,76
934,Nike,Women's Fashion,T-shirt,Green,XL,82
935,Adidas,Men's Fashion,Sweater,Black,S,60
936,Gucci,Men's Fashion,Sweater,White,M,33
937,Gucci,Men's Fashion,T-shirt,Red,S,38
938,Gucci,Kids' Fashion,T-shirt,Blue,S,100
939,H&M,Men's Fashion,Jeans,White,M,93
940,Gucci,Kids' Fashion,T-shirt,White,XL,77
941,Zara,Men's Fashion,Jeans,White,XL,70
942,Adidas,Men's Fashion,Shoes,Green,L,49
943,Gucci,Kids' Fashion,Jeans,Blue,L,71
944,H&M,Kids' Fashion,Sweater,Black,S,49
945,Gucci,Kids' Fashion,Jeans,Red,L,58
946,H&M,Women's Fashion,Sweater,Red,S,15
947,Zara,Kids' Fashion,T-shirt,White,S,48
948,Gucci,Women's Fashion,Sweater,Yellow,XL,83
949,Zara,Kids' Fashion,T-shirt,Green,M,96
950,Zara,Men's Fashion,T-shirt,Green,L,86
951,Nike,Kids' Fashion,Sweater,Black,L,62
952,Zara,Women's Fashion,Dress,Black,L,60
953,Nike,Kids' Fashion,Jeans,Blue,L,19
954,Gucci,Women's Fashion,T-shirt,Green,L,74
955,Nike,Kids' Fashion,Jeans,White,XL,64
956,H&M,Men's Fashion,Sweater,Black,M,88
957,Nike,Men's Fashion,Jeans,White,L,57
958,Adidas,Men's Fashion,Shoes,Green,M,16
959,H&M,Kids' Fashion,Sweater,Yellow,XL,45
960,Gucci,Men's Fashion,Jeans,Red,M,50
961,Nike,Women's Fashion,Jeans,White,L,40
962,Adidas,Women's Fashion,Shoes,Green,L,97
963,H&M,Men's Fashion,Shoes,Black,XL,21
964,Nike,Women's Fashion,Dress,White,S,31
965,Nike,Men's Fashion,Sweater,Yellow,S,55
966,Gucci,Kids' Fashion,Jeans,Black,S,66
967,Gucci,Kids' Fashion,Shoes,Blue,M,85
968,Gucci,Kids' Fashion,Sweater,Black,S,46
969,Gucci,Kids' Fashion,T-shirt,Red,L,26
970,H&M,Kids' Fashion,Sweater,White,L,19
971,H&M,Men's Fashion,Shoes,Green,XL,45
972,Gucci,Men's Fashion,Jeans,White,XL,14
973,H&M,Kids' Fashion,Jeans,Red,L,20
974,Gucci,Kids' Fashion,Shoes,Black,XL,72
975,Zara,Men's Fashion,Dress,Black,L,19
976,Nike,Kids' Fashion,Dress,White,M,42
977,Nike,Men's Fashion,T-shirt,Red,XL,91
978,Zara,Men's Fashion,T-shirt,Black,M,98
979,Nike,Men's Fashion,T-shirt,Blue,S,96
980,H&M,Kids' Fashion,T-shirt,Blue,XL,50
981,Nike,Women's Fashion,Shoes,White,XL,97
982,Nike,Kids' Fashion,Jeans,Green,S,11
983,Zara,Men's Fashion,Dress,Red,XL,50
984,Gucci,Men's Fashion,Dress,Green,XL,64
985,H&M,Women's Fashion,T-shirt,Green,S,36
986,Gucci,Men's Fashion,Shoes,Blue,M,11
987,H&M,Women's Fashion,Shoes,Red,M,42
988,H&M,Men's Fashion,T-shirt,Blue,XL,56
989,Adidas,Men's Fashion,T-shirt,Black,S,78
990,Gucci,Men's Fashion,T-shirt,Yellow,S,16
991,Nike,Kids' Fashion,Shoes,Red,L,25
992,Gucci,Women's Fashion,T-shirt,Black,M,91
993,H&M,Women's Fashion,Shoes,Yellow,S,33
994,H&M,Men's Fashion,Sweater,Green,L,89
995,Adidas,Kids' Fashion,Sweater,Red,S,58
996,Zara,Women's Fashion,Shoes,Black,M,55
997,Nike,Kids' Fashion,Sweater,Green,L,13
998,Zara,Men's Fashion,Sweater,White,L,47
999,Zara,Women's Fashion,T-shirt,Blue,S,68
1000,Adidas,Women's Fashion,Shoes,White,L,79